vContact_Names,Counts_Names
M404062016sc,M4_04062016_sc
M502172016sc,M5_02172016_sc
M503032016sc,M5_03032016_sc
M504062016sc,M5_04062016_sc
M507132016sc,M5_07132016_sc
M509142016sc,M5_09142016_sc
M105012013sc,M1_05012013_sc
M106272012sc,M1_06272012_sc
M108292012sc,M1_08292012_sc
M1sc,M1_sc
M1T13sc,M1_T13_sc
GB100sc,GB_100_sc
GB10sc,GB_10_sc
GB1sc,GB_1_sc
GBTFA100percentsc,GB_TF_A_100percentsc
GBTFB100percentsc,GB_TF_B_100percentsc
GBTMB100percentsc,GB_TM_B_100percentsc
Hsalsuginis25975498888,H_salsuginis_2597549888
U31day122sc,U3_1_day_122_sc
U31day17sc,U3_1_day_17_sc
U31day1sc,U3_1_day_1_sc
U31day23sc,U3_1_day_23_sc
U31day87sc,U3_1_day_87_sc
U31day9sc,U3_1_day_9_sc
U3inputFTsc,U3_input_FT_sc
U3inputRTsc,U3_input_RT_sc
U220140711FCsc,U2_20140711_FC_sc
U220140711HTsc,U2_20140711_HT_sc
U220140711LWsc,U2_20140711_LW_sc
U220140716FCsc,U2_20140716_FC_sc
U220141010sc,U2_20141010_sc
U220141012sc,U2_20141012_sc
U220141016sc,U2_20141016_sc
U220141018sc,U2_20141018_sc
U220141020sc,U2_20141020_sc
U220141022sc,U2_20141022_sc
U220141029sc,U2_20141029_sc
U220141105sc,U2_20141105_sc
U220141119sc,U2_20141119_sc
U220141203sc,U2_20141203_sc
U220141217sc,U2_20141217_sc
U220150107sc,U2_20150107_sc
WG8induction,WG8_induction